Propidium Iodide PE-A,Alexa-647 APC-A
289089.59375,6188.7998046875
280146.1875,5755.10009765625
287307.6875,6464.2001953125
286783.59375,5493.7001953125
300829.3125,7150.60009765625
294738.6875,6710.60009765625
279672.09375,5866.2001953125
283736.59375,6406.0
290691.5,6155.2998046875
284092.3125,6174.89990234375
295833.0,5801.7001953125
294835.5,6887.5
280865.3125,6513.10009765625
288419.5,6802.60009765625
290108.1875,5562.0
287493.40625,5761.60009765625
295063.3125,6046.7998046875
288241.0,6140.10009765625
287840.5,5879.60009765625
287695.3125,5454.39990234375
286322.1875,6481.7001953125
293122.1875,6721.60009765625
296836.8125,6073.89990234375
286343.0,7090.7998046875
295390.59375,6410.2001953125
292669.0,7024.5
284495.8125,5783.2001953125
292077.1875,6160.7001953125
285988.8125,6109.7998046875
289841.5,5694.89990234375
285853.8125,5489.2001953125
291074.6875,5972.60009765625
292067.40625,6990.0
285080.90625,6450.0
288478.6875,7188.7001953125
294202.90625,5836.5
289677.3125,6901.2998046875
293056.5,5491.60009765625
283585.1875,5639.10009765625
299578.90625,6879.7998046875
289699.1875,6747.2998046875
295421.40625,6395.89990234375
301774.1875,6697.0
290497.59375,7239.0
287880.1875,6006.60009765625
279450.59375,6011.2001953125
289515.5,6078.2001953125
281791.3125,6400.0
292545.3125,7051.10009765625
295823.0,5988.0
292996.8125,6505.7001953125
287016.59375,6098.7001953125
282728.40625,5648.2001953125
288983.09375,6308.7001953125
301007.40625,7427.89990234375
290706.1875,6068.2001953125
289764.90625,7398.5
299916.6875,6231.2998046875
283632.5,5736.60009765625
297659.90625,7582.10009765625
292131.6875,6310.10009765625
287780.3125,5458.7998046875
280071.0,6744.39990234375
288761.1875,6145.7998046875
296244.8125,5936.60009765625
298734.59375,6232.89990234375
297896.59375,7486.60009765625
280030.59375,6607.2998046875
284271.59375,6867.7001953125
291740.59375,7766.5
288709.40625,6132.39990234375
287886.09375,5718.39990234375
281739.09375,5688.2001953125
291811.1875,6098.0
282730.09375,5690.5
289775.8125,7623.10009765625
281897.09375,6414.7001953125
292653.1875,5873.0
301638.0,6448.0
298049.59375,7198.39990234375
288989.40625,6726.39990234375
290974.6875,6148.60009765625
285358.09375,5355.2001953125
290431.0,6136.2998046875
286309.3125,5486.7001953125
295010.09375,6903.7998046875
291523.5,6516.89990234375
286491.8125,5867.7001953125
299248.0,6122.2998046875
283158.3125,6764.39990234375
280120.09375,5918.10009765625
297180.59375,6286.2001953125
285755.09375,6806.60009765625
282993.59375,7220.60009765625
293182.40625,6715.10009765625
290575.8125,7149.39990234375
299631.6875,6718.0
294761.5,7047.5
294462.3125,7029.7001953125
294632.1875,6377.2998046875
300159.40625,6390.39990234375
295517.8125,6064.2001953125
294660.8125,6537.89990234375
293283.5,6221.5
286861.1875,5748.0
290131.3125,7323.39990234375
293413.3125,7484.2001953125
283977.6875,5881.60009765625
285453.1875,5486.7998046875
295164.8125,6243.0
282791.8125,5874.0
284129.40625,6614.10009765625
285639.1875,5990.7998046875
291150.3125,7357.60009765625
289976.40625,5482.7001953125
287058.90625,6053.5
282118.8125,6709.60009765625
285335.3125,5351.0
290938.1875,7143.0
279313.3125,5708.60009765625
286065.40625,5618.10009765625
299708.59375,6910.5
286739.90625,6726.7998046875
295280.1875,6221.89990234375
287933.5,5737.89990234375
293591.1875,6137.89990234375
295869.8125,5919.0
290933.5,5861.2998046875
279718.90625,6209.89990234375
281276.6875,6941.10009765625
291341.5,5878.7998046875
284743.3125,5756.5
288822.90625,5449.2998046875
287885.8125,7243.5
290143.40625,6624.10009765625
280449.0,6344.7001953125
288701.0,6527.5
299209.3125,6980.0
290681.0,5727.2998046875
295828.8125,6402.5
284296.40625,6660.60009765625
288065.8125,6183.60009765625
301174.8125,6517.7001953125
291874.0,5885.60009765625
290357.90625,6997.2998046875
295894.1875,5898.5
286038.5,6674.89990234375
292762.1875,5499.7001953125
289464.3125,6289.0
282775.59375,7118.0
281393.1875,6558.60009765625
291707.3125,5717.7998046875
285765.0,6182.39990234375
287462.90625,6189.89990234375
292151.3125,6416.5
280512.09375,6140.0
288369.5,7558.0
297739.6875,6484.60009765625
284678.3125,5700.0
295176.90625,6248.39990234375
294658.5,6692.89990234375
291821.0,6545.39990234375
300723.5,6711.7001953125
300236.0,6911.10009765625
288081.5,5930.10009765625
299971.1875,6610.39990234375
294794.5,6615.60009765625
285904.09375,5634.2998046875
278403.5,5823.2998046875
290859.59375,5802.7998046875
294037.0,7168.7998046875
280882.8125,5571.7998046875
291913.8125,5723.60009765625
289885.8125,7084.0
288226.6875,6466.39990234375
284243.40625,5356.60009765625
298340.5,6345.7001953125
289778.5,5949.10009765625
284327.1875,6010.5
286091.0,7336.60009765625
287289.59375,5567.2998046875
280617.8125,6617.0
282910.09375,6083.5
295434.6875,6760.0
289175.40625,6308.60009765625
290670.0,5771.10009765625
289155.40625,7679.5
299228.59375,6286.7998046875
295923.09375,6657.0
290232.3125,6337.10009765625
288708.5,6062.7998046875
289835.5,5751.10009765625
291535.5,5876.60009765625
289878.1875,7185.10009765625
295000.6875,5923.5
289693.8125,5785.2998046875
282633.1875,6302.60009765625
292903.0,5852.7001953125
293747.09375,7168.0
298605.0,6490.7998046875
290209.3125,7430.2001953125
285182.3125,6183.39990234375
290737.3125,5689.0
285502.0,5655.2998046875
297765.0,7050.7001953125
290331.6875,6382.39990234375
282356.0,5627.10009765625
292369.1875,6226.5
288315.0,6679.60009765625
296147.09375,7117.39990234375
292688.0,5949.60009765625
283662.0,6920.10009765625
288573.6875,6851.10009765625
284602.09375,5436.39990234375
294902.6875,6326.7001953125
301502.3125,7264.10009765625
289605.0,6766.2001953125
299696.0,6929.7001953125
285766.09375,5908.60009765625
288966.40625,6555.2998046875
291340.3125,5696.39990234375
300889.40625,6875.0
283959.09375,6597.2998046875
283087.59375,5427.60009765625
287801.90625,6842.7998046875
280474.8125,6088.60009765625
289482.3125,6331.2998046875
286325.8125,6727.5
287533.5,6596.2001953125
285255.5,6787.5
292827.3125,6864.10009765625
285081.1875,6491.0
286844.3125,5615.0
282214.8125,5654.0
298730.3125,6574.0
286662.09375,5320.7998046875
294065.3125,7181.7001953125
296428.8125,6490.5
282812.59375,5931.7001953125
290988.09375,7785.60009765625
298697.90625,6470.2998046875
301890.3125,6947.5
284829.6875,6586.2001953125
296506.3125,5864.0
286810.0,5806.0
294800.3125,6924.5
287812.3125,5689.60009765625
281790.3125,6707.5
291135.5,7351.2001953125
292400.3125,5547.10009765625
298425.5,6184.2998046875
291671.09375,6541.89990234375
295355.59375,6927.7998046875
284899.40625,5840.0
288291.59375,5986.7001953125
293112.3125,7060.7998046875
288579.6875,5858.2998046875
295441.90625,6059.5
297532.40625,6190.0
291394.5,5755.7998046875
287692.3125,6414.60009765625
287041.90625,6255.2001953125
283939.0,5710.0
288228.6875,5920.60009765625
285936.09375,6995.10009765625
287815.0,7585.10009765625
284359.59375,5687.60009765625
296387.8125,7323.39990234375
292310.6875,6015.10009765625
278967.40625,6089.2001953125
293393.09375,7214.10009765625
284244.5,6651.2998046875
293700.59375,6549.60009765625
287153.3125,6963.60009765625
297580.5,5831.5
290976.1875,5547.60009765625
286139.1875,6595.60009765625
285235.8125,5667.10009765625
294931.1875,6112.39990234375
290790.09375,6098.60009765625
300927.1875,7473.5
292562.6875,7861.2001953125
292570.0,5658.7998046875
301382.6875,6913.10009765625
281759.0,6961.7998046875
287439.09375,6024.39990234375
297608.8125,6505.10009765625
293303.09375,6502.10009765625
296700.90625,6537.7001953125
298349.09375,6966.0
287345.59375,6480.5
279627.40625,6372.2001953125
298762.6875,6256.7998046875
292044.1875,6920.10009765625
282511.09375,6504.0
289722.6875,6495.60009765625
290178.90625,7221.2001953125
280907.40625,6931.89990234375
285504.5,5438.7998046875
291486.59375,5704.60009765625
296670.1875,7330.39990234375
293873.0,6833.7998046875
289552.90625,6178.2001953125
293393.59375,5745.10009765625
287601.0,5913.7998046875
295389.6875,7580.5
287338.90625,7095.2998046875
299905.1875,6793.5
285636.09375,6800.2001953125
291403.1875,6306.39990234375
293410.8125,7238.2001953125
295141.90625,7576.89990234375
294186.6875,7537.0
283609.6875,6512.7998046875
288702.40625,6400.7998046875
290768.6875,6165.0
286986.6875,6052.2998046875
290105.5,7364.2998046875
299172.6875,7649.10009765625
301488.59375,7177.0
296641.59375,6229.89990234375
289923.90625,7184.39990234375
291922.8125,6332.60009765625
295702.8125,6281.10009765625
294826.6875,7007.2001953125
281953.6875,7012.89990234375
280167.1875,6129.2998046875
292490.90625,6064.2001953125
283062.09375,5907.2998046875
294152.09375,7545.7001953125
295671.90625,6284.2998046875
283657.59375,5987.10009765625
287451.0,6511.60009765625
287168.59375,6184.2998046875
288449.90625,5574.39990234375
290915.59375,5806.7998046875
281522.40625,6346.2998046875
294685.1875,6446.10009765625
293918.90625,5897.89990234375
280296.6875,6017.2001953125
283983.40625,6711.7998046875
298621.40625,6922.0
290437.59375,5983.0
280665.6875,5891.7998046875
300541.90625,7284.89990234375
285540.0,5476.5
291270.0,5732.60009765625
285616.6875,7257.7998046875
295607.6875,7669.10009765625
294969.0,7471.39990234375
288958.1875,5434.0
280986.0,5713.10009765625
297918.90625,7310.0
293805.3125,6917.89990234375
279815.59375,6493.60009765625
290634.59375,6129.7001953125
295118.90625,5899.89990234375
283218.40625,6599.2998046875
280059.59375,5773.7998046875
296140.09375,6474.89990234375
299444.09375,6678.7998046875
282578.59375,6422.0
286469.5,5716.89990234375
284315.3125,5370.5
288949.90625,6209.0
299820.5,7530.5
293701.0,5875.7998046875
295007.0,5724.60009765625
280948.40625,5457.89990234375
297949.09375,7152.89990234375
299563.5,6992.89990234375
282041.40625,6096.10009765625
301549.1875,6676.2998046875
290169.90625,5613.89990234375
289977.40625,6149.39990234375
281658.59375,5693.7998046875
297417.1875,6267.89990234375
291039.09375,5881.7998046875
296271.6875,6447.10009765625
296133.90625,6202.39990234375
289476.59375,7198.10009765625
297271.6875,6642.89990234375
290337.40625,7675.7001953125
292690.3125,5818.7998046875
283188.6875,5459.0
292308.1875,5982.0
283161.6875,5814.60009765625
294666.59375,7643.2998046875
295686.1875,6057.2001953125
299399.3125,7471.10009765625
296775.59375,6978.89990234375
293349.90625,7281.0
290692.0,6243.7998046875
301165.5,7447.2998046875
288680.09375,5473.0
300499.3125,6556.10009765625
288395.09375,6940.39990234375
290639.09375,7430.10009765625
285186.6875,6790.60009765625
288857.40625,5795.39990234375
296181.6875,5913.7001953125
288806.09375,6515.7998046875
293845.59375,5799.89990234375
290901.0,6131.89990234375
291688.09375,7284.10009765625
286378.6875,6730.10009765625
298898.6875,7626.7998046875
278296.90625,5847.39990234375
290059.3125,5970.89990234375
296036.40625,6891.89990234375
285723.59375,5763.89990234375
294637.6875,6972.7001953125
298313.90625,7240.2998046875
285864.90625,6915.5
300306.3125,6911.39990234375
283265.5,6974.89990234375
289161.5,6653.2998046875
279762.59375,5715.2998046875
292320.6875,6949.0
294545.6875,6967.60009765625
287413.6875,6001.10009765625
299112.8125,6258.7998046875
292417.0,7130.5
289013.1875,5879.7001953125
292814.90625,6275.39990234375
297206.40625,6784.5
294335.1875,5825.7998046875
283813.8125,6569.7998046875
298471.1875,6963.0
294097.5,6474.89990234375
291782.3125,7555.2001953125
289375.6875,6545.2998046875
283764.40625,5523.2001953125
287573.8125,5957.2998046875
293587.6875,6817.0
295165.5,7211.2001953125
289925.09375,6327.5
284643.90625,6222.39990234375
293376.40625,6151.2998046875
291153.1875,7587.89990234375
290579.0,7161.2001953125
287877.09375,5583.7001953125
281797.6875,6538.89990234375
290862.0,6124.39990234375
285512.0,6394.0
285107.40625,6739.10009765625
295209.5,6928.2001953125
290330.0,7072.2001953125
285018.90625,5386.2001953125
299873.6875,6325.5
290454.0,6840.2001953125
286845.0,6446.60009765625
294402.0,6156.89990234375
282694.09375,5475.2001953125
289432.09375,6036.7001953125
283169.0,5930.2001953125
286142.90625,5374.60009765625
281335.1875,6050.5
289267.1875,5410.2998046875
293948.09375,7468.39990234375
292906.5,5962.2998046875
291788.5,7066.10009765625
290721.5,7766.39990234375
288017.5,7468.7001953125
289538.90625,7071.5
298309.09375,7148.2001953125
298569.5,7256.5
289788.90625,6125.2001953125
282707.09375,5522.0
284568.40625,5733.2998046875
281452.3125,5854.39990234375
290643.1875,6591.39990234375
285702.8125,5537.5
279269.8125,6357.39990234375
293285.0,6962.89990234375
293073.3125,6874.0
291271.8125,5951.10009765625
295298.5,6465.2001953125
297638.8125,6090.5
288701.40625,6439.2001953125
289770.1875,7060.39990234375
279789.90625,6325.10009765625
295384.5,5955.7001953125
279801.8125,6683.5
279804.40625,6055.39990234375
283091.90625,7004.89990234375
286433.3125,6854.0
292088.3125,6501.39990234375
288982.1875,6759.39990234375
285476.90625,6691.89990234375
281761.1875,5827.7001953125
298000.1875,7537.0
280271.8125,5678.0
290019.90625,5917.2001953125
292201.90625,5538.60009765625
291448.5,5705.7998046875
292702.59375,7026.7001953125
292604.1875,5825.7001953125
295025.8125,7541.5
289311.40625,7631.2998046875
293687.90625,5786.2001953125
284048.8125,7091.10009765625
301317.09375,7339.5
280609.40625,5680.60009765625
291175.6875,6224.0
287906.0,5687.2998046875
285458.90625,7316.10009765625
301365.1875,7326.2001953125
286539.40625,6183.10009765625
294254.1875,6305.39990234375
300695.3125,6220.89990234375
291406.90625,6125.39990234375
292588.90625,5869.2998046875
289767.3125,7281.0
298417.1875,7065.39990234375
283609.40625,5562.39990234375
288461.40625,6083.7998046875
296748.1875,5935.2998046875
278738.09375,5819.89990234375
290753.6875,5725.7998046875
277998.6875,6044.5
290505.3125,6568.89990234375
292918.1875,5872.89990234375
292959.59375,6077.89990234375
285092.6875,6547.2001953125
285100.6875,7044.10009765625
299098.40625,6989.7998046875
287155.6875,7103.7998046875
294073.6875,6985.5
286411.6875,5793.39990234375
296300.90625,6800.2998046875
292373.40625,6805.60009765625
286369.40625,5643.7998046875
284298.1875,6261.39990234375
288824.6875,6925.5
296698.90625,7626.7998046875
302426.09375,6908.89990234375
295380.6875,7117.2998046875
301336.40625,6639.7001953125
297445.90625,6270.60009765625
298232.8125,7500.39990234375
285342.59375,7183.39990234375
283525.8125,5776.10009765625
280535.8125,6676.7998046875
301591.1875,7171.10009765625
281115.09375,6903.7998046875
283583.5,5552.5
285168.40625,6221.39990234375
292478.40625,5590.7001953125
291510.40625,5755.10009765625
283031.40625,5992.2998046875
299385.8125,7392.7001953125
290697.59375,7594.89990234375
283400.40625,6484.89990234375
294972.40625,7804.2998046875
294972.1875,6280.2998046875
281670.3125,5867.89990234375
297997.0,7009.2998046875
279940.09375,5844.2998046875
301380.90625,7254.0
283431.09375,5611.10009765625
288930.6875,5787.2001953125
292264.8125,6879.5
282323.09375,6671.2998046875
291417.1875,6660.7001953125
288334.1875,6359.2001953125
296865.09375,6564.5
284189.0,6890.7001953125
279797.8125,6733.39990234375
294956.0,5611.89990234375
291898.3125,5804.39990234375
291945.8125,7092.89990234375
280125.6875,6457.7001953125
288934.09375,6404.0
296548.40625,6725.60009765625
285752.09375,7162.7998046875
285360.90625,6785.5
291104.09375,6571.10009765625
295396.5,6087.60009765625
286610.5,7213.2001953125
295093.3125,7545.89990234375
288606.1875,5572.7001953125
294186.6875,5825.2001953125
278999.59375,6389.60009765625
287428.09375,6678.39990234375
296888.8125,6114.60009765625
288980.6875,6386.7001953125
282584.5,6180.2001953125
287090.5,5850.2001953125
285479.0,5974.0
296687.5,5803.0
292226.1875,6329.39990234375
280414.09375,5654.5
295306.6875,6481.2001953125
293263.8125,6935.60009765625
285963.90625,6110.2998046875
283505.40625,5890.10009765625
284385.90625,6662.0
298244.8125,6999.10009765625
297437.59375,7417.10009765625
295751.40625,7446.89990234375
284620.8125,6178.5
287230.8125,6487.89990234375
302165.09375,6764.39990234375
288789.8125,6217.7001953125
282241.90625,6109.5
282022.90625,6743.2001953125
287005.0,6899.60009765625
290800.40625,5800.5
286131.0,6373.89990234375
284014.59375,5848.2998046875
298899.59375,6833.7001953125
294338.6875,7591.2001953125
296593.5,7250.2998046875
290197.5,7227.89990234375
297326.1875,7332.0
296544.59375,6353.7001953125
295178.1875,6148.39990234375
293214.40625,5581.2001953125
291046.1875,6720.0
290542.59375,6304.89990234375
300674.90625,6741.39990234375
290341.6875,6227.7001953125
296963.1875,7048.5
282982.1875,5862.5
297700.1875,6270.39990234375
283339.6875,5779.89990234375
283844.1875,6701.89990234375
301416.6875,7268.5
286873.59375,5778.89990234375
284201.1875,7214.89990234375
286200.59375,6012.39990234375
296739.0,7778.60009765625
287685.0,5705.2001953125
296873.3125,6161.39990234375
284639.1875,5379.39990234375
289176.8125,7051.39990234375
300942.1875,7213.7001953125
295894.90625,6392.7001953125
280613.3125,5664.2001953125
289532.59375,6762.7001953125
298718.1875,6257.39990234375
289562.3125,6284.7001953125
295606.09375,7177.39990234375
285810.6875,6551.7001953125
293376.09375,5880.2998046875
289346.0,6632.39990234375
282425.1875,6903.0
282269.90625,5512.5
290066.5,6747.2001953125
286252.1875,5652.39990234375
291276.3125,7617.2001953125
282913.5,6326.39990234375
287379.8125,5441.10009765625
282496.5,6196.60009765625
300455.0,6670.7998046875
278682.8125,5815.89990234375
298099.1875,6770.7001953125
285047.1875,5868.5
281147.0,5637.2998046875
286010.3125,5525.39990234375
289571.5,6412.10009765625
298107.6875,5980.89990234375
293113.6875,7751.2001953125
295863.5,6607.2001953125
295818.8125,6924.89990234375
297382.1875,6171.2998046875
289704.8125,6289.39990234375
296468.5,6447.0
295863.09375,6194.7001953125
288900.6875,6384.39990234375
285649.5,6130.2001953125
291621.6875,7459.7998046875
289441.5,7048.0
293681.59375,6472.7998046875
297433.1875,6610.7001953125
286614.8125,6147.2001953125
282826.5,5481.7001953125
296603.3125,7617.7998046875
280798.59375,6151.5
278965.6875,5944.89990234375
284539.59375,6446.0
290594.8125,7359.7001953125
285650.3125,5865.60009765625
291306.59375,5525.39990234375
279696.40625,5925.39990234375
294111.6875,6421.7998046875
281549.1875,6221.5
285605.1875,6971.5
287844.5,6426.2001953125
281926.59375,6716.2001953125
282995.40625,6182.89990234375
291857.40625,6348.7998046875
283840.5,5893.2001953125
289889.59375,6088.2001953125
294652.40625,5784.0
300806.09375,7015.89990234375
282665.0,5389.7001953125
290109.6875,6079.5
289284.09375,6284.0
288589.3125,6975.60009765625
288790.40625,7313.39990234375
284302.90625,5917.89990234375
298933.5,6537.60009765625
293593.6875,5672.5
288801.3125,5485.7001953125
284353.1875,6114.10009765625
293604.1875,5523.2998046875
293672.8125,7431.89990234375
294013.90625,6663.39990234375
282751.5,6304.39990234375
284002.3125,6325.60009765625
288959.59375,6159.7001953125
280360.90625,6301.89990234375
296926.5,7395.10009765625
297249.59375,6146.0
284345.5,5852.60009765625
293830.0,7352.7001953125
291303.09375,6103.2001953125
283065.6875,6034.2001953125
290374.8125,5476.10009765625
289026.59375,5828.60009765625
281309.8125,5512.5
291238.90625,6683.2998046875
299390.40625,7474.10009765625
293920.1875,5723.39990234375
283897.90625,6159.89990234375
290127.3125,7416.5
281609.90625,6127.39990234375
291135.8125,5793.7001953125
281270.0,5750.60009765625
297903.90625,6351.60009765625
281625.09375,6409.2998046875
289600.6875,7028.0
287369.1875,7078.5
284094.0,5344.2998046875
284197.6875,6409.2998046875
286237.40625,5962.39990234375
291905.40625,7196.2998046875
299751.09375,6578.39990234375
296631.0,6055.2001953125
286307.0,6159.2998046875
295914.8125,7579.5
297410.59375,6624.39990234375
295109.6875,6846.2998046875
288966.0,5803.2001953125
295914.5,6532.2998046875
299551.5,6770.60009765625
297525.8125,7403.60009765625
294955.09375,6594.10009765625
282848.3125,5784.89990234375
296160.09375,7384.10009765625
290640.59375,6245.10009765625
290506.3125,5747.2998046875
293861.6875,6219.89990234375
294211.3125,6695.60009765625
290394.40625,7275.2998046875
293555.1875,6617.7998046875
288911.09375,7081.0
294674.3125,6211.10009765625
295572.8125,6163.89990234375
286248.5,6919.89990234375
288716.0,7386.60009765625
292971.6875,6083.10009765625
290643.6875,6883.89990234375
285147.0,5893.7998046875
282793.0,6411.60009765625
299053.0,7122.60009765625
286281.3125,7060.7001953125
298514.40625,6086.89990234375
293899.6875,5763.39990234375
295258.09375,5726.5
299764.0,6145.10009765625
285296.3125,5666.5
281790.5,6006.7998046875
286261.0,6513.0
282875.1875,6920.89990234375
286324.59375,7217.89990234375
285380.09375,6226.2998046875
294951.59375,6838.39990234375
288591.40625,6496.7001953125
294899.59375,6537.2998046875
296144.09375,6422.89990234375
290633.59375,7005.10009765625
279532.3125,6141.2001953125
282829.6875,7196.39990234375
284498.90625,5733.7001953125
291649.6875,5995.39990234375
289798.3125,5972.7998046875
288615.59375,6196.39990234375
297484.8125,7576.0
287131.09375,6667.0
288672.8125,5799.2998046875
291835.40625,7278.7998046875
298470.59375,7595.2998046875
287165.59375,7129.10009765625
280588.90625,6502.39990234375
281195.40625,6175.2998046875
295015.5,7250.7998046875
298879.09375,6906.39990234375
293939.8125,7066.7001953125
278895.3125,6495.10009765625
296423.09375,7255.60009765625
287414.1875,7549.2001953125
286081.59375,5914.7001953125
298973.40625,7133.7001953125
289772.0,7072.89990234375
292289.8125,6271.89990234375
282940.0,7127.7001953125
285431.6875,7213.7001953125
278996.6875,5928.0
283155.1875,6557.7998046875
288023.3125,5482.39990234375
302293.6875,7144.0
283291.5,5600.7001953125
286183.1875,5956.2998046875
280416.3125,6108.0
291811.09375,7348.89990234375
290978.09375,7177.7001953125
299246.0,6633.7001953125
288909.3125,5997.2998046875
288089.09375,6433.2001953125
285341.8125,5559.2001953125
286263.6875,6659.2001953125
278779.3125,6060.2001953125
282844.6875,5561.2001953125
285475.59375,6140.7998046875
287890.09375,5449.60009765625
294500.90625,7322.39990234375
291686.40625,5939.39990234375
284912.1875,6753.7001953125
280113.8125,5861.7001953125
298765.09375,7397.2001953125
296328.5,6600.7001953125
289726.3125,6962.2001953125
294969.09375,5628.39990234375
286168.8125,5510.7998046875
283506.3125,5425.7001953125
282948.0,7094.89990234375
298289.8125,6789.7001953125
290676.8125,7459.10009765625
288636.09375,6222.2998046875
289093.59375,7366.7001953125
290640.6875,6033.39990234375
282125.1875,7028.5
281495.5,6609.2001953125
294634.90625,7558.89990234375
282397.59375,5956.10009765625
281024.8125,5595.7001953125
296545.8125,6893.39990234375
298359.5,7698.7998046875
285768.1875,7387.39990234375
283705.1875,6715.39990234375
294593.1875,6941.39990234375
283614.09375,5570.10009765625
297458.6875,7678.60009765625
281959.59375,6661.2001953125
289469.40625,7431.60009765625
294658.5,6705.7001953125
299840.5,6543.10009765625
287382.09375,6640.60009765625
284778.3125,6072.39990234375
292179.1875,6979.60009765625
285778.3125,6855.7001953125
280892.5,6379.60009765625
283476.0,6783.5
294196.40625,6553.0
286328.5,6894.7998046875
289182.6875,6387.10009765625
287329.5,6821.39990234375
294164.09375,6932.7001953125
293250.5,7009.2001953125
295688.90625,6680.89990234375
283537.40625,6635.2001953125
291746.5,6486.2998046875
297279.6875,7027.89990234375
293791.09375,7291.39990234375
288727.5,7104.7998046875
286745.0,5498.39990234375
293775.8125,7233.39990234375
278377.1875,6234.89990234375
282328.90625,5924.2998046875
281004.8125,5547.7998046875
285798.5,6489.7998046875
287503.1875,6484.39990234375
291785.8125,7230.7998046875
283719.0,6549.89990234375
285135.09375,6687.10009765625
282988.3125,7170.39990234375
290949.6875,7249.10009765625
282602.09375,5982.7001953125
291605.90625,5685.60009765625
296102.6875,6877.5
294681.09375,6938.7998046875
282771.3125,6426.7001953125
293448.1875,5836.39990234375
297161.59375,6333.7001953125
300973.1875,6568.5
290960.90625,7673.7001953125
291743.8125,6543.5
290204.90625,6206.2998046875
289921.6875,6764.5
290157.5,6839.10009765625
285704.3125,5675.89990234375
282995.40625,5900.0
292030.90625,5626.2998046875
291150.8125,6567.10009765625
282483.59375,6067.0
280604.90625,6240.0
288678.6875,6521.5
291037.0,5410.10009765625
294208.8125,7273.89990234375
295848.6875,6748.10009765625
294211.40625,6691.2001953125
284839.0,6432.10009765625
294872.0,7195.60009765625
293275.5,7684.89990234375
285308.6875,6933.5
294734.40625,6589.10009765625
282062.8125,5570.89990234375
286094.40625,6755.5
284546.3125,6914.60009765625
293649.09375,6241.5
290550.59375,7065.60009765625
295932.3125,7427.2998046875
281915.8125,6532.10009765625
283973.1875,5738.5
287762.0,6230.7001953125
295167.09375,5881.39990234375
289407.40625,6483.7998046875
291402.59375,6032.10009765625
279244.3125,6615.60009765625
287832.90625,6971.2998046875
297083.09375,5852.2001953125
299916.3125,7021.0
278584.5,5816.5
285351.09375,6920.0
293905.0,5974.0
298364.3125,6604.89990234375
298335.8125,6386.10009765625
290009.59375,5973.5
290284.5,7609.5
283158.8125,5360.7998046875
290733.90625,5920.60009765625
288745.40625,6378.0
284342.6875,6450.0
285929.5,6892.2998046875
286041.1875,6291.60009765625
287008.0,6266.7998046875
295804.09375,6215.0
281261.0,5768.5
292394.40625,6965.2998046875
295661.3125,6393.10009765625
287354.09375,6081.89990234375
290581.1875,5476.0
292974.09375,6921.0
287959.09375,5804.10009765625
296803.90625,7778.10009765625
286616.3125,7034.7998046875
287672.09375,5426.2001953125
284853.1875,6801.7998046875
278123.3125,5891.5
291621.90625,6305.7998046875
290294.6875,5695.0
292197.40625,5748.10009765625
281404.8125,6276.2001953125
300907.90625,7213.10009765625
280331.40625,6100.60009765625
291042.09375,7321.10009765625
280667.6875,5805.2001953125
291237.3125,6391.5
288013.90625,7651.2001953125
293227.3125,7618.0
289200.90625,5694.10009765625
283733.0,6119.39990234375
295671.8125,6578.5
290293.8125,7274.89990234375
281661.40625,6101.2998046875
281490.40625,6969.10009765625
278880.3125,6173.0
289297.59375,6126.39990234375
292365.8125,6348.60009765625
295196.09375,6694.89990234375
298943.90625,6418.60009765625
286204.09375,7281.7998046875
295699.6875,7166.7998046875
280531.09375,5846.2998046875
286726.3125,6134.39990234375
285046.1875,5744.7998046875
284118.40625,6742.60009765625
293493.1875,6978.2998046875
290028.5,7052.7998046875
290729.3125,6446.0
281409.09375,5608.39990234375
293140.40625,6461.60009765625
297473.40625,7068.7998046875
295378.0,6832.89990234375
301528.0,7096.89990234375
281761.0,6948.7998046875
285254.5,6888.39990234375
282878.3125,5596.5
299134.6875,7502.7998046875
289832.6875,5989.89990234375
285997.8125,7051.5
286503.09375,5391.89990234375
283595.3125,5434.10009765625
291260.0,5759.2001953125
287527.6875,5970.2998046875
288086.59375,6991.89990234375
284492.09375,7061.2998046875
284163.40625,6866.10009765625
293952.5,6346.5
288662.59375,7521.5
286103.59375,6104.5
300678.8125,6581.89990234375
285658.3125,5959.89990234375
291947.90625,6851.0
280375.5,6171.0
295682.40625,7269.5
294179.59375,7509.60009765625
289159.8125,6826.60009765625
288558.6875,5409.2998046875
300106.8125,6359.10009765625
292212.09375,7056.5
295446.90625,6521.10009765625
291255.6875,6725.89990234375
295513.5,7737.0
284140.8125,5517.60009765625
288170.8125,6219.89990234375
279193.59375,5736.39990234375
283752.59375,6780.7001953125
285923.5,6241.0
297294.5,6462.39990234375
289249.59375,5430.2998046875
296937.59375,7207.39990234375
292289.1875,7732.2001953125
281155.09375,6010.0
289955.5,5959.7998046875
289854.59375,5941.0
294753.09375,7408.7998046875
293016.3125,6710.39990234375
278329.59375,6279.0
290104.09375,5569.39990234375
286633.5,5777.89990234375
285962.3125,6357.0
288112.59375,5686.2998046875
284515.6875,5875.0
300350.5,6848.2998046875
290339.0,6312.2001953125
291636.3125,6723.7001953125
284819.1875,5800.89990234375
293308.0,6475.7001953125
280771.0,5969.0
294863.40625,6570.10009765625
297410.59375,7507.7001953125
296392.1875,6706.39990234375
291852.09375,7373.60009765625
288419.59375,5525.5
288343.3125,7255.2001953125
294161.09375,6265.2998046875
285878.59375,7012.89990234375
289184.1875,6303.2998046875
299941.8125,6146.2001953125
291878.3125,6553.7001953125
286449.1875,6010.7998046875
298038.5,7006.7998046875
288416.6875,5524.5
286069.1875,6446.2001953125
284496.3125,6115.7001953125
290445.6875,6450.10009765625
291802.0,7582.2001953125
282902.09375,5363.39990234375
295679.3125,6146.2001953125
284066.8125,5623.2001953125
284541.09375,5845.7001953125
291583.1875,7560.39990234375
290508.3125,5757.7001953125
297213.6875,6625.0
293054.09375,7156.60009765625
289974.1875,7318.7998046875
280406.8125,6536.2998046875
292664.1875,7837.7998046875
296879.3125,5899.10009765625
287062.59375,5866.89990234375
290190.6875,6718.5
302167.09375,6799.5
282182.8125,5833.2001953125
295114.59375,7411.7998046875
279906.09375,6601.5
297384.1875,6546.0
299611.5,7056.2001953125
278629.3125,6073.7001953125
297370.3125,6113.7998046875
285877.5,5547.39990234375
284242.8125,6907.2001953125
297685.1875,6612.0
288357.09375,7303.60009765625
292450.6875,5753.2998046875
278746.59375,6171.5
284050.1875,6050.0
287151.0,6155.0
288745.0,7145.89990234375
282068.3125,6688.2001953125
294405.59375,7326.0
293033.09375,5506.2001953125
284792.09375,6755.10009765625
285364.0,6073.5
289566.3125,5700.5
296148.0,6971.60009765625
286171.3125,6598.7001953125
298861.59375,7494.5
291856.3125,6026.7001953125
280035.6875,5719.5
296572.59375,6903.10009765625
278899.6875,5836.2998046875
286324.09375,5805.89990234375
300696.6875,6574.7998046875
296037.09375,7451.7001953125
287462.09375,6191.2001953125
286426.3125,7256.5
292549.1875,6591.7001953125
295384.3125,6356.89990234375
292553.0,7797.7001953125
290532.1875,6058.0
291837.59375,6250.7998046875
290556.09375,6157.7001953125
293612.8125,6645.7998046875
293445.6875,7855.39990234375
278949.90625,5986.0
279357.3125,6184.7998046875
290289.1875,5998.2001953125
284862.1875,5577.89990234375
281663.1875,5539.2001953125
286601.6875,6227.2998046875
279696.8125,6515.5
295001.90625,7706.89990234375
292713.8125,5593.2001953125
289773.59375,6801.7998046875
278843.40625,5677.5
284809.09375,6502.89990234375
290229.90625,7041.2001953125
291496.90625,5925.10009765625
288004.59375,6234.2001953125
279274.09375,6220.39990234375
278180.8125,5965.5
282823.0,6679.7998046875
283518.59375,5737.10009765625
282035.59375,7025.7001953125
299199.3125,7213.0
287733.40625,6212.7001953125
296695.1875,6942.7001953125
284321.0,5401.7998046875
287430.8125,5869.2998046875
296742.40625,7134.2001953125
280117.90625,6563.39990234375
299511.90625,7145.2001953125
297551.09375,6618.0
282227.59375,6384.2001953125
281813.59375,6564.39990234375
288162.90625,6515.2001953125
287146.6875,5845.2001953125
299532.90625,7586.7001953125
283856.59375,6928.10009765625
283482.6875,6344.7001953125
300083.8125,6514.89990234375
286179.0,6012.0
292295.09375,7004.89990234375
287585.1875,7251.0
287613.59375,7604.2998046875
293149.59375,5796.0
291977.3125,6806.5
299057.40625,7487.39990234375
295148.90625,6651.2001953125
299320.6875,7430.39990234375
289872.3125,5553.89990234375
288796.5,6326.2998046875
286440.09375,6670.5
283760.59375,5864.0
290611.40625,7160.5
295287.0,6636.2001953125
283169.09375,7018.89990234375
283234.8125,5391.0
286165.0,5462.7001953125
290425.90625,7488.89990234375
291551.1875,5867.7001953125
294061.40625,7077.7001953125
285461.0,6469.39990234375
289629.8125,5515.0
286139.59375,6272.7998046875
300628.5,7507.89990234375
291314.8125,6087.0
291813.0,6799.0
283396.5,5482.39990234375
295796.90625,6559.7001953125
285726.3125,6819.7001953125
293678.59375,5577.2001953125
283315.5,5357.2001953125
290872.8125,5797.0
295431.1875,6913.39990234375
281214.40625,5446.2001953125
295526.09375,6265.2001953125
296172.0,6434.5
280939.0,5830.2001953125
284472.5,7253.39990234375
287628.40625,7635.60009765625
289897.8125,5978.7001953125
290207.5,7529.60009765625
299428.3125,7104.2998046875
294129.5,6651.89990234375
286769.40625,7025.10009765625
280756.8125,6560.10009765625
283638.90625,7196.10009765625
287761.3125,5397.5
289110.1875,5821.39990234375
285092.0,5877.39990234375
290008.59375,6995.2998046875
283142.0,5415.89990234375
295502.3125,6775.0
288756.90625,6261.60009765625
285199.09375,6562.2998046875
300172.0,6278.7998046875
294693.40625,5793.60009765625
282581.8125,6210.2998046875
294446.90625,7090.2001953125
290440.8125,7078.0
286651.59375,6645.2998046875
293810.5,7451.5
293736.1875,5686.89990234375
290935.8125,7474.60009765625
299778.1875,7034.7001953125
284034.5,6971.2001953125
278949.8125,6393.10009765625
291955.59375,5851.7998046875
292886.3125,7089.2001953125
282800.8125,6788.2998046875
288623.0,6901.39990234375
285814.5,5584.5
290112.09375,5416.2001953125
285274.3125,5574.5
294434.3125,7286.5
297671.3125,6159.7998046875
290744.3125,5498.39990234375
295746.40625,6136.7998046875
288969.1875,5361.89990234375
292964.6875,5906.10009765625
290140.59375,7213.89990234375
291089.3125,6103.39990234375
289362.3125,6958.2998046875
300010.0,7544.10009765625
282967.0,6784.10009765625
280923.3125,6631.60009765625
283028.5,5411.2001953125
291047.6875,6406.60009765625
289917.09375,7584.5
291552.3125,5851.5
289077.09375,6595.10009765625
282321.09375,6413.39990234375
285578.09375,6765.5
282352.90625,5874.39990234375
283246.09375,6285.60009765625
290639.90625,6535.7998046875
284216.6875,5849.39990234375
286537.09375,6929.10009765625
278279.8125,5879.2998046875
287920.90625,6155.2998046875
282424.40625,6438.2998046875
281635.1875,6515.89990234375
286986.1875,5631.5
296300.59375,6591.5
283626.8125,5646.5
280025.6875,5928.7001953125
291089.1875,7519.10009765625
287472.8125,6711.5
300109.40625,7580.10009765625
285355.09375,6898.10009765625
298167.6875,6389.39990234375
288736.6875,6036.0
287979.3125,5696.0
283992.90625,6214.60009765625
277989.0,6100.60009765625
280019.90625,5713.2001953125
291730.40625,6513.2001953125
292058.59375,7287.60009765625
288850.59375,6229.60009765625
284751.09375,6934.5
297865.1875,6681.60009765625
294709.1875,7331.7001953125
285392.8125,6602.39990234375
292670.6875,7668.60009765625
284188.90625,5848.7001953125
298865.6875,7364.10009765625
282743.0,5918.89990234375
292744.59375,6869.39990234375
284960.40625,6361.0
287046.8125,7161.60009765625
283196.40625,6562.2998046875
285789.8125,6918.0
295834.1875,6486.5
286246.09375,6234.10009765625
290019.59375,7600.2001953125
285036.8125,6465.2001953125
295680.8125,7244.60009765625
286791.8125,5767.2001953125
291423.1875,6196.10009765625
288107.8125,5815.0
289259.3125,5564.10009765625
290663.90625,6150.2998046875
288161.90625,6465.39990234375
291635.5,6563.89990234375
284359.5,6802.2998046875
282672.8125,6034.0
286721.09375,7172.2998046875
292926.5,6698.89990234375
286261.5,6404.10009765625
284274.09375,6729.7998046875
281632.8125,5962.89990234375
285566.6875,6064.7998046875
291517.6875,6079.39990234375
290064.09375,5806.2998046875
290417.6875,6799.7998046875
286393.59375,5998.7001953125
279165.1875,5972.5
291420.0,6277.39990234375
290656.90625,7399.7998046875
279881.1875,5870.89990234375
288719.40625,6866.7998046875
289158.0,5739.7001953125
291876.8125,5818.39990234375
296619.3125,6914.2001953125
289758.5,5976.7998046875
283666.40625,6812.2998046875
293662.0,6307.7001953125
290934.1875,6748.60009765625
289612.3125,6852.7998046875
291110.6875,5836.89990234375
300287.6875,7430.89990234375
299075.5,7214.0
282852.59375,6153.2998046875
292213.09375,5627.5
301546.8125,7295.89990234375
279633.3125,5976.89990234375
288340.8125,6440.7001953125
280660.1875,6496.5
295420.5,7188.2001953125
283790.59375,6356.39990234375
293684.5,6566.89990234375
292972.0,6077.7001953125
278963.5,5949.2001953125
290174.09375,7181.39990234375
287280.3125,6009.89990234375
288816.6875,7277.5
288044.5,6150.10009765625
289812.0,7459.7001953125
287715.59375,6838.7998046875
288505.90625,7118.7998046875
293270.5,7392.89990234375
289629.8125,6458.39990234375
293908.3125,6862.7998046875
294227.5,6400.39990234375
302451.0,6803.7001953125
299389.6875,7422.89990234375
293935.90625,7706.39990234375
296406.5,6592.2001953125
284570.8125,6027.5
298001.90625,6153.2998046875
289263.3125,6509.10009765625
300023.1875,7013.39990234375
288143.3125,7177.5
291249.5,6357.2001953125
295061.1875,6730.39990234375
290876.3125,5929.7998046875
285064.90625,5375.89990234375
281318.8125,5951.60009765625
285249.5,6357.89990234375
295758.59375,6389.5
286304.3125,5635.39990234375
295154.8125,7688.39990234375
291770.6875,6361.7998046875
296239.59375,7456.60009765625
280332.09375,5888.2998046875
294438.3125,6090.2998046875
279850.0,5958.39990234375
286479.8125,6473.39990234375
288080.40625,5634.39990234375
279535.3125,5677.2998046875
297718.8125,6170.60009765625
295977.09375,5809.2998046875
294034.3125,6895.39990234375
295827.1875,6350.39990234375
297687.6875,6694.10009765625
299007.59375,6816.60009765625
288785.5,6460.60009765625
285705.1875,6840.39990234375
286572.8125,7042.2001953125
295217.6875,7432.10009765625
284677.3125,6069.60009765625
298944.59375,6487.10009765625
292155.09375,5979.2998046875
287997.6875,6416.2998046875
294625.6875,6648.60009765625
284190.6875,6160.89990234375
289403.90625,5455.7001953125
297759.09375,7258.7001953125
291655.6875,6095.10009765625
297323.1875,5989.5
295229.8125,7212.39990234375
293524.0,7399.2001953125
299772.90625,7517.10009765625
301896.3125,7175.7001953125
298058.8125,6804.7998046875
284917.8125,6109.2001953125
295140.09375,7664.5
288845.59375,6372.7998046875
282104.90625,5715.39990234375
293471.1875,5585.7001953125
286790.09375,5493.10009765625
302447.1875,6981.39990234375
285933.3125,6895.2001953125
288632.40625,7695.39990234375
292306.90625,7590.7001953125
279583.6875,5829.60009765625
288733.6875,6498.2998046875
282671.6875,5862.60009765625
283867.6875,7121.2998046875
298747.0,6308.89990234375
292622.59375,6883.10009765625
298559.09375,6803.10009765625
288730.40625,6542.39990234375
298639.40625,7646.2001953125
285515.1875,6560.60009765625
296309.0,6886.60009765625
291761.1875,7081.7998046875
290512.09375,6634.89990234375
299399.1875,6792.7998046875
295789.09375,6449.5
284181.3125,6818.7998046875
287925.8125,6853.7998046875
292370.8125,5823.2001953125
288073.5,5885.60009765625
290923.09375,7613.89990234375
298489.59375,7186.60009765625
290332.1875,5512.89990234375
284525.59375,7193.7998046875
291204.0,5950.7001953125
294997.3125,5803.89990234375
282686.59375,7011.7001953125
287934.8125,6394.7001953125
282469.09375,5399.2998046875
301301.90625,6402.7001953125
285421.6875,7032.60009765625
285871.90625,6973.60009765625
298898.1875,6630.39990234375
288636.59375,5969.10009765625
282473.0,6900.39990234375
288058.5,7207.10009765625
284145.8125,6330.89990234375
298259.40625,6589.2998046875
287043.09375,5976.0
284451.1875,6081.10009765625
291151.0,6375.7001953125
300976.90625,7108.10009765625
294211.0,7670.2998046875
286531.3125,6122.2998046875
284731.1875,7021.60009765625
287942.90625,6301.7998046875
283117.1875,6379.10009765625
289728.09375,7690.2998046875
287907.8125,5690.0
290143.8125,6569.60009765625
282910.1875,6535.2001953125
279789.40625,6065.7001953125
295416.59375,6401.7998046875
295682.8125,6676.89990234375
296269.3125,6372.39990234375
285684.90625,6109.0
289668.6875,6220.89990234375
293332.1875,6961.60009765625
290597.6875,6524.0
283002.0,5687.7998046875
279671.59375,6554.7998046875
296502.1875,7431.60009765625
280342.59375,6594.5
284111.6875,7045.39990234375
297866.6875,6679.10009765625
296991.0,7024.7001953125
289772.1875,7463.2001953125
290418.40625,7632.0
284622.40625,5623.7998046875
300710.5,7320.2001953125
293682.6875,6756.89990234375
300058.90625,6497.7001953125
284519.59375,5844.7998046875
281281.8125,6790.5
298482.0,6514.0
297854.40625,6621.2998046875
292047.6875,6657.10009765625
285569.59375,6151.89990234375
285170.1875,5502.89990234375
280983.3125,5611.2998046875
294154.3125,6564.0
294011.90625,6688.89990234375
291890.59375,6820.2998046875
295142.09375,6994.39990234375
292939.1875,7646.10009765625
290085.40625,7019.89990234375
290891.3125,5662.5
280045.1875,5851.10009765625
293107.90625,5744.60009765625
285550.3125,6017.2998046875
288696.90625,6730.7001953125
292286.1875,7417.89990234375
288336.5,7675.7998046875
288406.3125,5924.5
286024.1875,6660.10009765625
295666.09375,6689.60009765625
280835.59375,6207.2998046875
292624.3125,7264.89990234375
289748.3125,7523.89990234375
295506.5,5904.60009765625
296074.40625,6110.7001953125
298882.8125,7137.5
286669.5,7220.0
296100.8125,6545.89990234375
286994.40625,6511.5
281289.90625,6539.0
285039.1875,5379.0
299032.40625,6740.60009765625
295417.40625,6733.10009765625
292789.3125,5724.10009765625
294478.0,6610.7998046875
287261.1875,6736.2001953125
284797.90625,5635.2001953125
294751.5,6967.5
284220.59375,6125.10009765625
286704.90625,5839.39990234375
292720.3125,6963.89990234375
289783.1875,6867.10009765625
296144.3125,6152.89990234375
292620.3125,5837.60009765625
286955.09375,7425.7001953125
286962.09375,6182.60009765625
289854.09375,5848.89990234375
298879.59375,6190.10009765625
298813.8125,7428.2998046875
289026.90625,6264.39990234375
280855.59375,5604.0
299566.8125,7567.10009765625
291875.90625,7226.60009765625
299809.3125,6483.2001953125
282319.0,6841.0
278074.3125,6068.2998046875
291319.40625,6766.39990234375
287186.8125,5569.39990234375
290035.8125,5785.10009765625
285058.09375,5975.7001953125
285087.09375,6111.10009765625
296358.3125,7373.60009765625
283684.5,5845.60009765625
296178.59375,6840.7998046875
294312.5,7412.5
286979.3125,6588.89990234375
301062.5,6306.7001953125
295677.6875,6800.89990234375
288621.8125,7635.7001953125
286994.8125,6436.10009765625
292199.09375,7213.7001953125
281854.59375,6650.7001953125
280161.09375,6208.60009765625
297660.6875,6965.89990234375
298003.09375,7452.5
291287.3125,5808.0
291909.8125,5922.10009765625
293872.0,7532.0
294116.8125,6544.39990234375
278989.90625,5882.2001953125
296666.40625,6529.60009765625
280135.09375,5846.2998046875
278049.40625,6242.10009765625
282894.0,7161.5
289482.90625,6220.5
286564.0,6955.60009765625
285039.0,6213.0
289190.3125,6661.89990234375
291904.8125,6209.2001953125
284088.09375,5543.89990234375
283441.0,5850.39990234375
292192.8125,6659.60009765625
289412.09375,6159.10009765625
301538.09375,6985.89990234375
298833.59375,6894.2998046875
295811.3125,6671.39990234375
298867.6875,6893.60009765625
290660.0,6441.60009765625
285088.3125,5579.89990234375
298846.1875,6568.39990234375
278357.59375,5974.5
280994.5,6207.2001953125
289192.0,6948.39990234375
292781.09375,6255.5
282187.90625,5832.10009765625
284893.5,5390.39990234375
297128.09375,7244.7998046875
290162.0,6527.7998046875
292691.40625,6424.7998046875
279866.59375,6244.5
286151.40625,6110.7998046875
289647.0,5405.89990234375
288357.40625,7406.39990234375
287664.0,7014.89990234375
283116.40625,6518.10009765625
298274.09375,7055.0
289665.09375,5496.7998046875
282171.59375,6394.2998046875
288802.59375,6920.5
285476.8125,6237.89990234375
280886.0,5543.39990234375
285499.5,7420.10009765625
295564.0,6643.89990234375
283038.59375,6281.5
284411.8125,5493.5
280287.6875,6780.0
287426.90625,5877.2001953125
294040.6875,7048.5
286511.0,5359.2001953125
294543.59375,6293.39990234375
285992.0,5539.39990234375
294821.90625,5983.7998046875
291444.5,7323.2998046875
283881.6875,7247.5
296529.40625,7502.60009765625
289023.0,6543.0
285540.59375,7077.60009765625
284779.5,7092.89990234375
289479.3125,7040.5
279608.6875,6448.7998046875
289121.1875,7601.2001953125
281571.59375,6456.39990234375
300174.40625,7086.10009765625
279730.6875,6270.2001953125
302031.1875,7103.2001953125
298443.8125,7383.39990234375
290865.3125,6216.89990234375
300045.1875,7228.7001953125
280872.5,5544.39990234375
282979.59375,7226.89990234375
293242.1875,5942.39990234375
296336.59375,6259.89990234375
292385.09375,6729.5
299882.1875,7048.7998046875
287054.1875,7532.10009765625
295986.40625,6500.2001953125
280598.90625,6721.60009765625
285056.40625,7073.89990234375
295169.1875,6988.7001953125
278765.5,6351.39990234375
297061.0,7475.2998046875
288246.40625,6308.39990234375
296246.40625,7520.7998046875
296168.5,6840.5
290125.40625,6288.7001953125
289640.90625,6377.60009765625
287189.59375,7600.10009765625
288385.1875,7420.2998046875
288702.5,6503.39990234375
280614.59375,6469.7001953125
285748.40625,7327.5
286941.5,7165.5
296424.1875,7271.7001953125
288316.6875,5581.7998046875
288564.5,6619.2998046875
290664.8125,5651.2001953125
280560.59375,5724.0
284483.8125,7135.5
292944.6875,6971.7001953125
289897.09375,6245.2001953125
288581.1875,6368.2001953125
294829.09375,6789.39990234375
293308.5,7196.10009765625
294973.3125,5777.7998046875
294074.40625,6643.2001953125
289014.5,7279.0
294775.40625,7742.0
290356.59375,7159.5
290020.90625,7157.5
286205.1875,6003.2001953125
278488.3125,6108.10009765625
295354.09375,7068.89990234375
297152.40625,6811.2001953125
293572.8125,6424.89990234375
282084.5,6896.60009765625
289816.0,6263.10009765625
294037.1875,7798.2998046875
283716.3125,5878.7998046875
299493.8125,6279.2998046875
280914.59375,6632.5
287069.0,6784.0
296953.3125,6646.89990234375
297840.8125,7326.2001953125
291319.59375,5738.10009765625
302190.40625,6635.89990234375
281442.40625,7016.5
293890.90625,6487.89990234375
298917.90625,7050.2001953125
288693.59375,6338.5
290423.8125,6166.7001953125
294455.3125,6895.10009765625
289300.09375,6552.2998046875
299959.40625,6759.2001953125
280503.09375,6028.0
297321.5,6607.10009765625
289223.8125,6380.2001953125
285020.09375,6761.7001953125
293600.40625,7407.0
287197.90625,6263.5
286673.5,5442.0
288901.6875,7672.2001953125
299498.40625,7354.60009765625
289648.3125,5411.2001953125
284365.0,5780.10009765625
295115.59375,7548.5
288155.90625,6566.2998046875
295656.09375,6500.89990234375
292264.5,5895.7001953125
287738.3125,6371.39990234375
284010.5,6889.89990234375
284330.59375,5948.2001953125
290227.5,7094.0
290634.59375,5935.89990234375
290184.5,6267.7001953125
295446.8125,5921.39990234375
300718.0,6828.60009765625
286463.09375,5717.0
287430.09375,6821.39990234375
282245.90625,6173.2998046875
294435.90625,6711.7998046875
289720.09375,6689.7001953125
282150.0,6184.2998046875
288148.8125,6546.2998046875
290014.1875,6957.2001953125
287809.8125,6857.89990234375
280705.40625,6846.0
296055.59375,7478.2998046875
296694.6875,7355.10009765625
300468.40625,7316.7998046875
282709.0,5724.89990234375
287884.09375,7156.7998046875
285447.0,6746.7001953125
295067.6875,6587.10009765625
281180.5,5910.60009765625
295216.90625,7365.2998046875
293922.0,5808.10009765625
285326.40625,6767.2001953125
287275.5,6177.39990234375
298180.3125,7423.89990234375
300746.59375,6331.7001953125
279649.0,5732.5
288651.09375,6415.2001953125
296004.09375,7227.2998046875
296513.6875,6234.5
292566.5,7714.2001953125
301334.40625,7087.2998046875
290961.0,6417.60009765625
297946.8125,7213.39990234375
286403.1875,5513.0
285637.09375,7299.2001953125
292102.6875,6593.7001953125
278341.1875,5966.5
280892.1875,6912.2001953125
285778.0,5991.39990234375
293132.40625,7633.7998046875
297588.40625,6498.2001953125
293414.09375,7841.39990234375
283681.59375,5472.0
288577.6875,6422.7001953125
281583.90625,6858.7001953125
286944.40625,7044.39990234375
286986.5,6367.5
289095.0,6312.2001953125
292069.59375,7626.10009765625
292512.1875,6678.89990234375
298522.0,6058.10009765625
283780.59375,6456.39990234375
292885.0,6873.2001953125
278733.90625,6414.5
287255.0,5337.2001953125
280500.0,5524.2001953125
280488.8125,6600.7998046875
293146.3125,6450.0
300839.40625,7164.0
295536.3125,5868.2998046875
295746.8125,7500.5
296350.0,7078.39990234375
279080.40625,6099.7001953125
292362.8125,7214.2998046875
298864.0,7280.7001953125
286597.1875,5938.2001953125
290857.3125,7742.89990234375
295429.3125,6135.2001953125
277951.8125,5942.0
291144.90625,6311.2998046875
280690.40625,6348.2001953125
283537.5,5946.89990234375
288589.90625,7297.10009765625
295225.8125,5757.2998046875
279199.8125,6297.7001953125
283581.59375,7031.39990234375
282995.90625,5424.0
290375.8125,6443.5
286609.40625,7143.0
284746.09375,5988.60009765625
291258.0,5431.39990234375
287485.90625,7078.7001953125
284392.6875,7311.0
287492.1875,5512.2001953125
289510.0,6503.2001953125
298476.40625,6807.60009765625
286388.1875,6534.2001953125
286815.40625,7019.0
286188.90625,5677.0
297183.1875,6026.2998046875
288206.90625,7354.39990234375
285360.5,6672.7998046875
287161.59375,6586.2001953125
297274.90625,6994.7998046875
286136.0,7135.5
278710.8125,5843.2001953125
295339.59375,7085.7998046875
299316.40625,6924.89990234375
285664.0,5415.7998046875
284641.40625,5369.2998046875
289494.0,6354.0
292373.59375,7154.89990234375
289705.90625,6666.2998046875
295006.40625,6005.2998046875
279236.1875,5669.2001953125
284732.59375,5676.0
297153.0,7431.10009765625
292696.1875,6845.60009765625
297782.3125,7488.2001953125
283109.1875,6967.2998046875
286417.1875,5364.10009765625
285580.40625,6391.0
293512.8125,7308.7998046875
283889.5,6228.5
287494.59375,6179.7001953125
291337.40625,6057.60009765625
283201.1875,7046.5
285559.09375,6307.7001953125
286312.5,5633.0
278438.40625,5826.5
286269.8125,5330.7001953125
288558.90625,5767.7998046875
293018.6875,7004.89990234375
286600.59375,6756.2998046875
298747.8125,7073.60009765625
290689.3125,5432.7001953125
286412.90625,6765.7001953125
295956.5,5791.5
284486.40625,6110.10009765625
281728.6875,6459.60009765625
300589.1875,6381.0
300602.90625,6529.2998046875
283120.09375,6864.89990234375
281312.8125,5863.60009765625
278951.8125,6461.10009765625
300585.0,7357.7998046875
280180.40625,5866.89990234375
292493.90625,6238.7001953125
294916.3125,6225.39990234375
297086.0,5780.0
282855.90625,6814.10009765625
291046.09375,7524.89990234375
285918.59375,6312.5
292693.09375,6871.2001953125
292520.3125,5953.60009765625
282271.0,6184.60009765625
289531.0,5756.0
282645.8125,6661.0
284629.5,6564.60009765625
289527.59375,7428.39990234375
285098.6875,6609.7001953125
289018.09375,6300.60009765625
298808.59375,6167.7001953125
295074.5,7214.39990234375
293190.8125,7128.39990234375
299430.8125,7334.2998046875
298568.40625,7252.7998046875
289334.40625,5748.7998046875
286896.0,7542.10009765625
297923.1875,7603.0
283931.09375,7327.89990234375
293825.09375,6224.39990234375
293400.40625,7267.10009765625
287885.59375,5479.5
279161.0,6034.39990234375
295850.40625,6099.2998046875
292704.1875,7201.89990234375
290105.0,5721.60009765625
284462.90625,5605.7998046875
299138.0,6798.2001953125
290163.6875,6110.39990234375
290535.59375,5895.7998046875
292538.8125,6337.0
292969.90625,6022.89990234375
289622.0,7398.89990234375
292452.90625,7573.39990234375
294533.1875,7092.10009765625
293150.59375,7109.39990234375
293961.5,5892.60009765625
293736.6875,6589.10009765625
295494.1875,7692.2001953125
291645.59375,7140.10009765625
291559.5,7196.2998046875
287191.5,6713.39990234375
302156.09375,7134.7998046875
281104.0,6213.2001953125
285466.1875,5977.39990234375
288146.59375,6292.39990234375
289583.5,5874.60009765625
293755.59375,7350.5
284712.1875,6112.60009765625
295318.6875,6216.60009765625
286240.6875,6464.39990234375
279924.59375,6551.89990234375
290410.5,6767.0
293591.40625,6249.2998046875
293492.09375,7069.89990234375
296947.59375,7289.39990234375
292180.5,6458.7998046875
286048.90625,5690.89990234375
287713.5,6127.60009765625
286505.90625,7236.7998046875
285028.3125,7023.5
289045.90625,6145.5
292150.0,6722.60009765625
287563.0,5544.10009765625
286213.3125,6469.7001953125
285091.09375,5973.2998046875
294878.8125,7245.39990234375
286384.0,6234.5
290572.5,5396.89990234375
291132.90625,6681.5
289674.5,6889.89990234375
291127.09375,6052.10009765625
286988.59375,6485.60009765625
283390.09375,6374.5
282344.59375,5787.60009765625
298731.5,6019.39990234375
291389.3125,5441.10009765625
298971.6875,6954.5
294622.0,6216.89990234375
292190.8125,6445.60009765625
291185.8125,7209.7001953125
286180.8125,6451.7998046875
287689.3125,6955.2998046875
290677.8125,7034.10009765625
285847.90625,7447.5
297410.90625,6341.10009765625
292558.6875,5784.2001953125
293971.5,7368.39990234375
287634.8125,5951.7998046875
294184.8125,6637.7998046875
291776.8125,6703.89990234375
286784.8125,5583.2998046875
279911.90625,5987.0
299021.09375,6804.10009765625
284779.59375,5402.10009765625
297292.0,6231.39990234375
289677.1875,6282.7998046875
293053.6875,6104.89990234375
292509.8125,6112.10009765625
282127.09375,6429.10009765625
299752.40625,6790.10009765625
281175.8125,5731.10009765625
279502.90625,6591.0
282261.59375,6646.39990234375
285080.40625,6840.2001953125
292529.8125,6755.7998046875
296855.6875,6306.39990234375
291009.5,6512.2998046875
282742.0,5861.5
293359.90625,6471.0
296173.90625,6616.2001953125
290185.0,5694.5
285271.6875,5395.60009765625
289604.8125,6070.10009765625
289176.0,6622.5
286481.5,7202.5
281511.1875,6586.7998046875
279812.8125,5818.60009765625
290186.09375,6996.2001953125
296371.90625,7799.10009765625
289894.1875,6480.5
294533.09375,6678.0
288766.09375,5882.60009765625
290678.5,6322.2998046875
295651.5,6492.5
285777.90625,6395.60009765625
289229.40625,7547.10009765625
294262.90625,7437.7001953125
294455.5,6223.2998046875
290621.0,6158.5
291326.40625,5571.89990234375
290281.59375,6311.60009765625
286039.90625,6561.7001953125
301718.09375,6713.89990234375
287676.09375,6952.0
286779.6875,6654.7001953125
293351.90625,7134.0
282645.1875,6738.60009765625
284459.90625,5661.10009765625
279636.6875,6348.0
296298.5,7195.7001953125
280763.3125,5743.0
279047.8125,5693.60009765625
279641.3125,6354.2001953125
289433.3125,6668.5
286685.40625,6981.39990234375
280423.1875,6689.39990234375
300506.40625,6786.0
295219.5,6670.60009765625
297892.59375,6680.0
282972.09375,6310.5
288631.0,5511.7001953125
289929.09375,6794.60009765625
282161.0,5653.10009765625
284322.0,5774.2001953125
295591.0,6604.7001953125
286281.5,6238.7001953125
290458.90625,7164.0
278402.59375,6198.89990234375
289487.40625,5647.5
289334.09375,6868.2998046875
282029.40625,6273.89990234375
296790.40625,6816.60009765625
287351.3125,6338.60009765625
294332.40625,6230.39990234375
296589.8125,6794.7998046875
282869.0,7108.5
283902.6875,6047.0
296938.5,6817.89990234375
293737.09375,5995.39990234375
284685.3125,6362.10009765625
295565.5,7868.2998046875
290144.90625,5674.5
291968.5,6333.7001953125
295493.59375,6599.89990234375
294868.8125,5609.10009765625
301993.09375,6962.7998046875
297705.1875,5946.2998046875
282586.90625,7114.89990234375
295800.90625,7099.89990234375
296898.09375,6324.5
294608.09375,6258.7001953125
301726.40625,6746.60009765625
280084.40625,6585.0
279407.1875,6379.0
281118.09375,6512.7998046875
288681.59375,5905.7001953125
287346.1875,6868.2998046875
281998.90625,6388.10009765625
302329.5,6986.2998046875
278932.1875,6107.2998046875
298123.0,5866.0
288038.40625,7511.89990234375
291558.09375,6377.39990234375
291565.09375,7676.2001953125
284017.5,6244.5
292247.90625,7502.5
295339.90625,7461.5
287526.5,5821.2998046875
286449.0,5703.0
290111.8125,6132.89990234375
282769.09375,5781.7001953125
298053.59375,7428.89990234375
283588.40625,6452.89990234375
290812.40625,6361.39990234375
300399.0,7537.2998046875
289808.90625,6967.0
280282.59375,6137.89990234375
286407.8125,5993.39990234375
294488.6875,6843.0
296404.09375,7120.89990234375
297548.40625,6569.0
284450.8125,7045.2998046875
299652.5,6383.0
290192.40625,6109.39990234375
290778.90625,7597.0
287769.40625,6058.0
288552.0,6244.7001953125
287310.0,5613.7998046875
294307.0,5726.10009765625
288019.1875,7275.2998046875
288251.6875,5602.60009765625
283442.0,7035.2998046875
285343.6875,5620.2001953125
282613.09375,6501.7998046875
295877.59375,6780.60009765625
295191.0,7308.7001953125
291823.5,7206.60009765625
285958.8125,6322.2998046875
282681.5,5475.2001953125
285462.59375,6984.7998046875
288950.90625,6834.7998046875
296879.0,7523.7001953125
288464.8125,6383.2998046875
286201.0,6842.2001953125
285667.90625,6025.89990234375
287451.8125,6711.0
290458.09375,7655.5
284225.59375,5421.7998046875
283392.8125,6212.7998046875
300044.3125,7059.7998046875
282834.40625,6457.5
294654.3125,6412.7001953125
293364.1875,7275.10009765625
294384.09375,6170.89990234375
289732.09375,7146.7001953125
293482.09375,6953.2001953125
288125.09375,6937.39990234375
294033.5,7156.7001953125
294694.3125,6355.2998046875
287325.90625,6591.7998046875
281136.3125,6085.39990234375
296015.3125,6750.7998046875
288879.5,5942.60009765625
285895.5,6231.7001953125
286221.8125,6638.0
294867.0,6957.2001953125
280383.0,6161.7001953125
289135.0,6218.2998046875
283718.6875,5682.7998046875
296170.0,6428.2001953125
290811.09375,7461.10009765625
292848.3125,7619.0
298875.90625,6992.2001953125
294596.8125,7564.2998046875
287659.40625,7329.7001953125
284780.90625,6581.7998046875
293277.5,6295.7001953125
297608.90625,7506.2001953125
291597.40625,7622.2998046875
282883.0,6755.10009765625
294453.40625,7607.2998046875
284294.5,6854.2001953125
289624.5,6814.7001953125
301273.40625,7355.7998046875
295192.8125,6980.7001953125
293990.59375,7677.89990234375
286514.6875,6029.7998046875
281247.59375,6291.39990234375
291855.8125,6789.2001953125
285601.90625,7163.2998046875
283638.59375,6235.0
296863.8125,7644.0
280725.6875,5742.5
290479.59375,6563.7998046875
289952.40625,6981.7998046875
298396.90625,6742.60009765625
290718.1875,6909.60009765625
298931.8125,6259.5
287200.90625,6578.7001953125
282889.1875,5740.0
293791.09375,6853.7998046875
278752.0,5825.2998046875
294139.40625,5755.60009765625
281589.1875,6703.7001953125
287330.1875,7332.39990234375
294963.40625,7876.60009765625
285640.09375,7211.10009765625
288765.59375,5624.39990234375
290427.6875,7195.5
281484.40625,6145.0
284470.1875,6965.5
288142.6875,6446.39990234375
281139.0,6655.5
296148.40625,7794.2998046875
279317.6875,5644.7001953125
284504.59375,6014.39990234375
294809.59375,7130.89990234375
282516.6875,6364.39990234375
282980.40625,7165.7998046875
293654.40625,6967.2998046875
290360.90625,6695.2001953125
287151.40625,6626.0
280315.40625,6181.60009765625
285943.0,7226.7001953125
290455.6875,6204.89990234375
281933.90625,5670.7998046875
287052.59375,7198.60009765625
300397.40625,6254.2998046875
278392.90625,5764.10009765625
289590.90625,6451.7998046875
291545.3125,7435.0
295746.0,6668.5
293827.3125,6141.89990234375
279557.0,6586.7001953125
280491.8125,6195.7001953125
299640.8125,6622.39990234375
293663.0,5921.7001953125
292661.90625,6099.2001953125
291720.8125,5646.10009765625
297895.09375,6227.2998046875
281655.09375,6315.5
285678.09375,7181.39990234375
289019.90625,7357.2998046875
289701.8125,6213.10009765625
283689.1875,6884.0
294593.1875,7026.2001953125
282715.40625,6885.2001953125
283846.09375,7060.7001953125
290330.8125,6638.0
292217.1875,5555.39990234375
281221.6875,6763.39990234375
294171.3125,7366.2998046875
289226.8125,7460.10009765625
300478.8125,6817.2998046875
287097.0,6118.60009765625
281029.0,6181.2001953125
297200.6875,7798.39990234375
282234.09375,6499.10009765625
298115.40625,7385.0
288978.8125,7093.0
300174.09375,7153.10009765625
297577.0,6974.0
294306.3125,7383.7998046875
287788.90625,6122.5
295855.3125,5782.2998046875
284792.3125,5439.5
296660.8125,6175.2998046875
290300.0,7335.0
299635.8125,6079.89990234375
282687.8125,5667.2998046875
280065.90625,5818.5
289170.3125,6997.7998046875
298511.09375,7589.7998046875
297470.0,7176.39990234375
285018.3125,5409.5
291201.3125,6090.10009765625
298203.3125,7326.0
286689.5,7130.0
284726.8125,5439.10009765625
287488.3125,6820.5
288606.6875,6837.7001953125
288234.90625,6828.7001953125
296360.8125,6611.7998046875
289564.8125,7716.89990234375
299783.3125,6743.7998046875
293562.3125,7689.5
295093.0,5947.39990234375
280973.8125,6179.7998046875
291936.0,6538.5
281310.8125,6844.2998046875
286305.8125,6986.5
286406.5,7087.89990234375
281605.59375,5458.2998046875
292182.5,6048.89990234375
291083.90625,7479.7001953125
291018.8125,6449.0
291725.5,5674.0
281609.5,5978.0
292918.8125,6051.39990234375
285358.3125,7424.60009765625
289165.5,6414.5
278987.59375,6076.89990234375
283023.0,6399.2001953125
293442.0,7523.5
292111.8125,7429.89990234375
296079.3125,6530.60009765625
282781.3125,5431.5
279673.40625,5656.89990234375
284830.59375,6044.60009765625
283180.0,5901.39990234375
296363.0,6001.7998046875
289814.0,5941.89990234375
281703.5,6856.5
280843.90625,6869.10009765625
281274.5,6933.5
296856.8125,7242.7001953125
282729.0,6324.0
300747.5,6488.60009765625
281578.5,6209.5
286254.0,6714.60009765625
281946.59375,5676.7998046875
293512.40625,5776.10009765625
286126.3125,6177.2001953125
285735.09375,6722.0
291674.0,6284.7998046875
293538.59375,7234.60009765625
289221.59375,5391.2998046875
290919.0,6728.7998046875
287895.8125,6547.7998046875
290329.3125,6027.10009765625
289796.3125,7165.7001953125
292168.59375,7720.5
289217.09375,7253.10009765625
281732.90625,5539.39990234375
283596.5,5857.10009765625
293374.09375,5828.7998046875
293835.5,6613.5
285393.8125,6485.89990234375
286605.3125,6067.7998046875
279075.6875,6475.39990234375
291304.59375,6762.60009765625
288165.90625,6337.39990234375
278814.59375,5905.89990234375
284244.5,6177.5
295136.6875,6417.2001953125
288533.90625,6130.10009765625
296814.59375,5865.5
281678.40625,6014.89990234375
295167.0,5881.7998046875
292548.8125,7172.89990234375
282483.5,5408.0
291465.8125,6380.39990234375
282439.0,5909.2998046875
290385.5,6232.5
284738.0,6462.5
288997.09375,6405.0
287442.0,6607.60009765625
290935.0,6398.5
293119.09375,7465.10009765625
284780.5,6778.7998046875
286321.90625,5557.89990234375
289700.40625,7415.0
282946.1875,6702.2001953125
287271.1875,5355.7998046875
279541.6875,5596.7998046875
285020.59375,5876.7001953125
296201.6875,6264.2998046875
297559.90625,6545.7998046875
295247.59375,6945.7001953125
293024.3125,6089.60009765625
281959.6875,6319.2998046875
289621.5,7330.10009765625
297613.59375,7110.39990234375
292896.0,6103.7001953125
280103.09375,5944.89990234375
288179.59375,6543.0
289162.90625,7581.5
280485.40625,5894.2998046875
290144.90625,6318.0
285175.59375,6781.89990234375
291734.90625,5508.2998046875
293291.8125,7253.7001953125
287111.3125,6304.7998046875
297046.6875,6583.10009765625
286380.90625,6194.39990234375
287075.3125,6033.2998046875
293702.90625,6827.2998046875
286151.8125,5660.60009765625
288865.90625,6493.7001953125
284437.90625,6103.60009765625
287443.09375,6246.60009765625
302209.90625,6840.2998046875
288954.59375,7318.39990234375
289244.40625,6154.5
292226.6875,6819.7998046875
296588.5,5968.5
300575.40625,7118.7001953125
289117.40625,7250.2998046875
282312.5,5831.60009765625
298928.0,6739.10009765625
290554.6875,5945.2001953125
285514.90625,7176.60009765625
291870.6875,6105.39990234375
287521.90625,7292.60009765625
282417.0,6741.5
288986.3125,5449.0
295604.59375,7193.10009765625
289826.0,7248.7998046875
298279.5,6250.39990234375
292569.1875,6880.7001953125
280751.1875,5586.7001953125
292705.90625,6110.89990234375
286468.59375,5849.7998046875
295005.8125,6046.89990234375
285330.09375,7170.60009765625
286905.0,6564.5
282240.6875,5897.39990234375
294410.3125,7033.7998046875
290518.1875,7131.5
285497.59375,5325.2001953125
287011.3125,5952.60009765625
292213.59375,6148.10009765625
294604.59375,7519.60009765625
290985.59375,6297.5
294036.6875,6775.39990234375
292181.40625,7346.7998046875
285572.6875,6620.2001953125
288929.90625,6286.89990234375
291012.09375,6192.10009765625
299437.5,6131.0
293599.6875,6442.7001953125
283638.1875,7012.5
293201.8125,5573.7001953125
289051.90625,6185.7998046875
293971.3125,5990.60009765625
285325.3125,6699.5
297722.3125,6913.89990234375
289174.6875,6596.7001953125
283222.5,6740.5
284275.0,5839.2998046875
287928.6875,5896.89990234375
300547.1875,6900.60009765625
290929.6875,7479.89990234375
285868.40625,7112.5
297024.3125,7089.0
295773.0,7243.5
282876.59375,5833.2998046875
297841.3125,7141.89990234375
290449.40625,7404.5
294538.09375,6783.60009765625
285618.09375,6327.10009765625
289134.5,5774.5
291944.1875,6673.10009765625
296517.3125,6249.60009765625
296993.90625,6078.60009765625
286319.09375,5666.2998046875
293759.6875,6546.60009765625
287928.8125,6001.2001953125
289526.1875,6381.60009765625
282586.3125,5557.2001953125
281527.40625,5608.5
298387.6875,7577.89990234375
295899.5,6822.2998046875
292789.8125,6012.89990234375
291616.90625,7163.0
290718.8125,7300.7001953125
278313.8125,6098.7001953125
284302.40625,6143.2998046875
288809.40625,6293.89990234375
298198.8125,6668.0
279281.3125,5805.7001953125
289445.8125,5779.0
293285.1875,7391.7998046875
283226.8125,5675.89990234375
296416.40625,6334.5
295722.5,5884.39990234375
294678.6875,6815.60009765625
287041.09375,5932.39990234375
290925.3125,6943.2001953125
282896.59375,5450.7001953125
278868.59375,6221.89990234375
290528.40625,6450.2998046875
286308.90625,6597.5
299834.0,6237.2998046875
288048.5,5814.7001953125
291228.6875,7146.39990234375
282255.0,6589.5
297165.40625,7240.5
285144.90625,6277.7998046875
295320.3125,7866.39990234375
279742.5,5619.89990234375
300071.1875,7051.2001953125
297730.0,7251.2001953125
298917.8125,7424.7998046875
283306.8125,7068.10009765625
300518.8125,6759.89990234375
292589.3125,5707.39990234375
288256.59375,6814.89990234375
290409.3125,6141.39990234375
300225.8125,6382.89990234375
286102.8125,6062.89990234375
290284.5,7233.39990234375
291775.5,6903.7001953125
285079.40625,6633.2998046875
280084.8125,5544.7998046875
296878.40625,7484.0
293413.40625,6535.7998046875
291463.8125,7190.2998046875
293119.3125,7685.0
286390.3125,6343.39990234375
280904.90625,5488.89990234375
299210.40625,6676.0
291455.3125,5807.7998046875
300630.90625,7114.0
292266.3125,7603.7001953125
300943.59375,7398.7001953125
285312.8125,5510.7998046875
281234.6875,6743.89990234375
296684.0,6737.2001953125
289768.90625,6925.7998046875
283978.3125,5611.7001953125
294899.0,6492.10009765625
284056.5,5558.7998046875
295727.5,6900.10009765625
300733.1875,6687.7001953125
291709.5,5498.5
285103.90625,5760.2001953125
291826.6875,5463.2001953125
286863.3125,6620.5
289539.09375,6359.5
280524.3125,5656.5
290607.5,5833.39990234375
284730.5,7404.5
289259.6875,7308.60009765625
297194.90625,6529.2001953125
292640.8125,6195.0
280261.1875,6167.10009765625
280872.59375,6567.89990234375
288370.1875,5649.5
285570.5,7166.89990234375
290231.90625,5566.5
296028.0,6393.39990234375
296412.59375,7351.2001953125
280727.0,6685.10009765625
301122.3125,6365.0
293061.40625,6884.2001953125
287384.09375,5450.60009765625
291062.6875,7394.5
294584.90625,7166.60009765625
282120.59375,5919.7001953125
282761.0,7164.60009765625
281412.1875,5668.0
288538.09375,6822.89990234375
288246.1875,6892.39990234375
294926.59375,6252.0
294501.0,7299.7001953125
287787.59375,6302.7001953125
284822.09375,5860.7998046875
293573.90625,7341.7001953125
287405.6875,6900.2001953125
286376.09375,5879.39990234375
294012.1875,6237.2001953125
278647.40625,5980.7001953125
284216.6875,5638.2001953125
284177.3125,5562.7998046875
288157.6875,7532.10009765625
291862.09375,6754.39990234375
278628.6875,5804.0
286263.1875,5656.5
291059.6875,5552.60009765625
293817.09375,7056.89990234375
282136.90625,6598.39990234375
294864.40625,6107.60009765625
295053.59375,6458.10009765625
293700.59375,7211.60009765625
282150.1875,5513.7998046875
298716.5,6359.2001953125
280280.40625,6095.60009765625
283030.40625,5890.89990234375
296933.09375,6597.7998046875
297664.1875,7265.89990234375
287839.0,6957.7998046875
286076.8125,6182.0
288572.5,7223.7001953125
299259.0,7290.89990234375
298543.09375,7272.5
281635.09375,5976.60009765625
294596.40625,6799.7001953125
282065.5,6481.2998046875
284874.40625,6465.89990234375
299222.40625,7089.2001953125
298461.90625,6473.7001953125
293017.0,6907.2998046875
287395.6875,5814.7998046875
291171.3125,6664.7998046875
294321.40625,7485.89990234375
287106.1875,6023.39990234375
299787.90625,7644.10009765625
283877.90625,5616.2001953125
286665.0,6649.7998046875
285022.90625,6168.89990234375
284181.5,6731.7001953125
280466.1875,6081.2001953125
296993.0,6736.7998046875
291691.1875,6449.2998046875
287874.8125,6082.2998046875
298255.09375,7455.7001953125
283251.1875,6332.0
290840.3125,7336.7998046875
283070.6875,5453.7001953125
299763.59375,6756.60009765625
296820.09375,7287.7001953125
296690.0,6053.2998046875
281917.6875,5661.89990234375
289087.3125,6530.7998046875
282684.59375,5967.7001953125
292218.5,6789.7998046875
295517.1875,6564.2998046875
288491.6875,6849.89990234375
281889.5,5503.7998046875
285349.90625,6353.89990234375
285537.0,6415.2001953125
288481.5,5918.2998046875
293550.1875,6125.39990234375
300500.09375,6554.7998046875
288416.5,5920.60009765625
301501.59375,6539.0
283272.40625,6390.2001953125
297312.40625,6511.0
295430.90625,6841.7998046875
297367.1875,7136.2001953125
281946.1875,6803.7001953125
292262.5,6550.7001953125
294599.8125,6231.39990234375
292437.59375,6781.7998046875
293895.0,6654.7998046875
294987.09375,7148.7001953125
282430.6875,7012.2998046875
285975.40625,7098.2001953125
290476.8125,7485.5
282775.09375,5520.5
296280.3125,7435.89990234375
284297.59375,7104.7998046875
278287.5,6341.7998046875
283583.5,6790.7001953125
293669.5,6919.2998046875
294114.6875,7211.7001953125
286305.8125,5768.39990234375
286621.3125,6052.39990234375
291050.09375,7801.39990234375
280422.3125,5560.2001953125
283228.40625,6369.60009765625
280351.59375,6407.7001953125
286046.09375,6383.89990234375
280175.09375,6046.60009765625
299355.09375,6568.2001953125
291491.90625,6479.0
291200.59375,5633.5
290435.3125,6753.10009765625
295629.5,7149.7001953125
280742.5,6779.7001953125
283002.5,6376.2998046875
297318.8125,6107.39990234375
295974.59375,7000.5
293106.40625,6770.0
293819.3125,6501.39990234375
283897.6875,6004.7998046875
295813.0,6992.2001953125
282453.09375,5433.89990234375
290523.1875,7197.89990234375
294323.3125,7531.5
284129.90625,6702.7001953125
295723.6875,7207.89990234375
300791.0,7443.2001953125
296530.09375,6545.7998046875
280858.1875,6066.7001953125
292473.59375,6391.7998046875
287272.1875,7030.2998046875
290568.1875,6549.7001953125
289873.1875,6507.60009765625
287215.40625,6791.60009765625
284035.40625,5879.5
290966.40625,6390.7998046875
283331.59375,6250.0
289931.1875,6245.89990234375
287010.59375,5803.0
289800.3125,6676.0
284577.1875,6954.60009765625
295796.09375,5734.7001953125
286922.90625,5793.2998046875
296762.3125,7440.39990234375
286183.3125,6312.39990234375
296135.09375,7729.2001953125
289065.1875,7131.10009765625
288323.3125,6725.2001953125
296191.09375,6275.7998046875
291567.09375,6687.89990234375
291401.09375,5993.2001953125
298485.59375,7576.89990234375
281496.8125,6121.5
282362.59375,6117.7001953125
288860.59375,6268.7001953125
295981.3125,6944.60009765625
280376.40625,5497.60009765625
286366.5,5544.2001953125
292713.90625,5696.0
295961.40625,5906.2998046875
280100.59375,6495.2001953125
291407.40625,5494.2001953125
294988.59375,7175.10009765625
283999.90625,6583.39990234375
297989.0,6435.2001953125
281228.3125,6509.0
289887.40625,7095.0
292998.0,6745.89990234375
294331.8125,6948.0
281584.90625,5690.10009765625
293286.09375,7228.0
286629.09375,5771.7001953125
279452.5,6097.7001953125
299403.90625,6231.7998046875
284906.0,6540.89990234375
280727.3125,6747.5
292079.90625,7134.89990234375
294338.59375,6735.2998046875
278915.3125,6556.2998046875
296214.0,7584.7998046875
286532.8125,5899.0
294596.0,6798.0
282268.90625,5819.2001953125
284921.0,6370.2998046875
296417.59375,5847.7998046875
289434.59375,6669.7998046875
282124.1875,6194.39990234375
297430.8125,5816.2998046875
281794.0,6176.7001953125
280554.09375,5961.7001953125
282652.09375,5645.2998046875
288849.3125,7096.7001953125
287594.90625,5503.7001953125
285873.5,6956.7001953125
280516.8125,6101.7998046875
287057.5,7198.89990234375
284389.40625,7362.39990234375
296982.8125,6814.5
286572.59375,7556.89990234375
292602.90625,7024.10009765625
290213.59375,6824.60009765625
281821.0,5846.0
279927.8125,5984.0
297870.0,7454.7998046875
286621.59375,6764.5
283119.40625,6325.39990234375
295886.59375,7179.0
279217.8125,6347.7998046875
288655.40625,7167.60009765625
293302.09375,7595.5
282431.40625,6081.39990234375
295495.09375,6709.60009765625
296105.3125,6609.7001953125
284867.1875,5750.2998046875
289402.59375,6121.0
300307.1875,7429.2001953125
296531.59375,7199.10009765625
301660.5,6926.7001953125
279701.8125,6309.2998046875
295827.90625,7451.89990234375
297306.09375,5819.10009765625
288726.59375,6005.60009765625
297617.3125,7216.5
294710.90625,6471.2001953125
280141.40625,5513.10009765625
280094.09375,6536.39990234375
278572.59375,6247.60009765625
283910.09375,6065.0
279562.09375,6221.0
295484.90625,5923.39990234375
289561.8125,6167.5
286494.1875,7495.2001953125
299682.59375,6680.10009765625
285403.09375,6337.10009765625
291868.3125,6906.0
298574.59375,7719.60009765625
286844.8125,6170.5
279997.09375,5711.10009765625
285727.5,6324.5
292009.09375,6006.0
288313.59375,5641.0
286839.6875,7309.60009765625
286680.09375,5766.2998046875
288471.59375,5833.2001953125
279754.0,5809.0
284281.5,6623.10009765625
293641.90625,7837.2998046875
288833.6875,7696.2001953125
299069.59375,6624.7998046875
286145.1875,7127.2001953125
281519.09375,6567.7998046875
281394.3125,6426.60009765625
281483.1875,6073.2001953125
281722.6875,5436.7001953125
294956.1875,7786.7001953125
290028.09375,6766.5
297830.59375,6777.2998046875
283571.09375,5414.7001953125
288416.90625,6821.0
287702.5,6169.10009765625
287888.0,5986.39990234375
300904.8125,7138.7001953125
290685.3125,5467.2998046875
295498.5,6095.10009765625
294660.40625,5815.0
300962.5,6858.89990234375
280240.3125,6752.89990234375
279743.59375,6191.2001953125
286868.59375,7358.39990234375
295794.40625,6392.7998046875
300187.59375,6560.5
297658.90625,6130.89990234375
290422.90625,7029.7001953125
290759.90625,5946.7001953125
285831.1875,6128.60009765625
284350.3125,6643.60009765625
299549.5,7132.5
278053.40625,6022.0
286503.0,5902.10009765625
294565.59375,7747.5
282931.90625,6076.89990234375
281133.90625,6277.7001953125
288084.40625,5645.7001953125
289016.3125,7346.7998046875
286636.1875,5984.2001953125
289397.0,6991.60009765625
292017.1875,6260.2998046875
296425.1875,6230.2001953125
279854.3125,6435.2001953125
295793.0,6370.2001953125
289879.09375,5791.0
281795.3125,5745.10009765625
300200.90625,7401.2998046875
290154.0,6033.10009765625
291040.40625,7099.2998046875
287661.3125,5619.39990234375
300928.59375,6620.2998046875
289287.09375,6249.7001953125
293590.8125,6336.60009765625
287392.6875,6672.2001953125
284358.5,6037.89990234375
288647.1875,7306.2001953125
290942.0,7262.7001953125
281039.40625,5905.7001953125
293534.6875,7607.0
288221.0,6436.2998046875
287794.8125,7291.89990234375
297475.6875,7366.2998046875
290280.3125,6393.7998046875
290890.3125,6095.60009765625
295267.59375,6958.10009765625
281349.0,6327.5
287471.0,6028.7998046875
285998.3125,7115.60009765625
292161.90625,6048.10009765625
298266.90625,6227.7998046875
290958.40625,6440.89990234375
282000.90625,5975.89990234375
298447.90625,6440.2998046875
301149.6875,6570.2998046875
280861.5,5768.2001953125
294351.8125,6150.2998046875
279118.40625,6291.10009765625
285520.90625,5441.7001953125
298420.3125,5993.10009765625
289179.59375,5375.7001953125
286088.3125,6162.89990234375
300444.3125,6398.5
283344.1875,6829.7001953125
290934.5,6139.7001953125
280725.5,6323.5
297182.8125,6969.60009765625
295290.90625,6009.89990234375
288713.40625,5482.7001953125
293708.8125,6441.60009765625
283091.40625,5510.2001953125
291069.0,6691.7001953125
292495.0,5630.0
298373.3125,6922.89990234375
286442.09375,7493.10009765625
288545.6875,6687.2001953125
294059.5,5799.7998046875
289880.40625,7045.2998046875
291371.3125,7820.10009765625
281508.5,6623.7001953125
278475.3125,6408.10009765625
290945.8125,5861.39990234375
294451.8125,7800.0
295575.0,6677.0
297355.3125,6948.0
281506.09375,6714.5
286537.90625,6411.10009765625
288890.0,6642.7998046875
290143.8125,5763.10009765625
295682.09375,7374.2001953125
290718.40625,6291.60009765625
288880.09375,6210.2998046875
299026.5,6952.89990234375
282652.0,6277.5
282844.8125,7054.39990234375
287620.59375,7400.7998046875
287464.90625,6770.7998046875
284189.1875,6866.10009765625
296411.0,7098.5
296691.5,6535.7001953125
280723.1875,6796.7998046875
295482.09375,7126.10009765625
285424.59375,6040.0
285360.40625,6344.39990234375
294952.40625,5662.10009765625
298753.5,6530.2001953125
297206.09375,7737.2001953125
